,Hugo_Symbol,Entrez_Gene_Id,NCBI_Build,Chromosome,Start_position,End_position,Strand,Variant_Classification,Variant_Type,Reference_Allele,Tumor_Seq_Allele1,dbSNP_RS,dbSNP_Val_Status,Genome_Change,Annotation_Transcript,Tumor_Sample_Barcode,cDNA_Change,Codon_Change,Protein_Change,isDeleterious,Category,Effect,isTCGAhotspot,TCGAhsCnt,isCOSMIChotspot,COSMIChsCnt,ExAC_AF,WES_AC,SangerWES_AC,SangerRecalibWES_AC,RNAseq_AC,HC_AC,RD_AC,WGS_AC,Broad_ID
27445,FH,2271,37,1,241682991,241682991,+,Missense_Mutation,SNP,G,A,,,g.chr1:241682991G>A,ENST00000366560.3,HCC2450_LUNG,c.32C>T,c.(31-33)tCg>tTg,p.S11L,FALSE,Unknown,nan,FALSE,0,FALSE,0,,49:70,,,152:229,,,,ACH-000975
85756,FH,2271,37,1,241682913,241682913,+,Nonsense_Mutation,SNP,C,T,,,g.chr1:241682913C>T,ENST00000366560.3,SCMCRM2_SOFT_TISSUE,c.110G>A,c.(109-111)tGg>tAg,p.W37*,TRUE,Del,Del,FALSE,0,FALSE,0,,0.976388889,,,,,,,ACH-001184
172383,FH,2271,37,1,241669354,241669354,+,Missense_Mutation,SNP,T,C,rs200791185,,g.chr1:241669354T>C,ENST00000366560.3,HEC59_ENDOMETRIUM,c.853A>G,c.(853-855)Act>Gct,"p.T285A, p.R87H",FALSE,Pred_Destabilizing,p_Del,FALSE,0,FALSE,0,,48:57:00,,,302:232,95:115,,,ACH-000994
180348,FH,2271,37,1,241680500,241680500,+,Silent,SNP,A,G,rs11545660,,g.chr1:241680500A>G,ENST00000366560.3,HEC6_ENDOMETRIUM,c.249T>C,c.(247-249)ggT>ggC,p.G83G,FALSE,Silent,Silent,FALSE,0,FALSE,0,,0.727083333,,,87:369,0.724305556,,,ACH-000984
201494,FH,2271,37,1,241669354,241669354,+,Missense_Mutation,SNP,T,C,rs200791185,,g.chr1:241669354T>C,ENST00000366560.3,JHUEM3_ENDOMETRIUM,c.853A>G,c.(853-855)Act>Gct,p.T285A,FALSE,Pred_Destabilizing,p_Del,FALSE,0,FALSE,0,,38:35:00,,,187:158,279:245,,,ACH-000173
248451,FH,2271,37,1,241669324,241669324,+,Missense_Mutation,SNP,C,T,rs145843819,byFrequency,g.chr1:241669324C>T,ENST00000366560.3,NAMALWA_HAEMATOPOIETIC_AND_LYMPHOID_TISSUE,c.883G>A,c.(883-885)Gca>Aca,p.A295T,FALSE,Pred_Silent,p_Silent,FALSE,0,FALSE,0,3.30E-05,53:63,46:34:00,46:34:00,,80:120,,,ACH-000944
297151,FH,2271,37,1,241671965,241671965,+,Missense_Mutation,SNP,C,T,,,g.chr1:241671965C>T,ENST00000366560.3,SNUC2A_LARGE_INTESTINE,c.676G>A,c.(676-678)Gca>Aca,p.A226T,FALSE,Pred_Silent,p_Silent,FALSE,0,FALSE,0,,32:46:00,,,215:305,50:72,,12:12,ACH-000967
317744,FH,2271,37,1,241667423,241667423,+,Nonsense_Mutation,SNP,G,A,rs121913122,,g.chr1:241667423G>A,ENST00000366560.3,WM983B_SKIN,c.1027C>T,c.(1027-1029)Cga>Tga,p.R343*,TRUE,Del,Del,FALSE,0,FALSE,0,8.24E-06,29:32:00,,,,49:52:00,,,ACH-000765
327951,FH,2271,37,1,241671906,241671906,+,Silent,SNP,C,G,,,g.chr1:241671906C>G,ENST00000366560.3,COLO668_LUNG,c.735G>C,c.(733-735)ggG>ggC,p.G245G,FALSE,Silent,Silent,FALSE,0,FALSE,0,,,25:71,0.919444444,265:551,19:56,,18:20,ACH-000803
331759,FH,2271,37,1,241682929,241682929,+,Missense_Mutation,SNP,C,T,,,g.chr1:241682929C>T,ENST00000366560.3,DU145_PROSTATE,c.94G>A,c.(94-96)Gcc>Acc,p.A32T,FALSE,Unknown,nan,FALSE,0,FALSE,0,,,,,67:27:00,,,25:10:00,ACH-000979
402294,FH,2271,37,1,241669311,241669311,+,Missense_Mutation,SNP,G,A,,,g.chr1:241669311G>A,ENST00000366560.3,SNU16_STOMACH,c.896C>T,c.(895-897)gCa>gTa,p.A299V,FALSE,Pred_Silent,p_Silent,FALSE,0,FALSE,0,,,26:41:00,26:40:00,276:313,44:97,,09:09,ACH-000581
441008,FH,2271,37,1,241683016,241683016,+,Missense_Mutation,SNP,G,C,rs202166344,,g.chr1:241683016G>C,ENST00000366560.3,HCC1569_BREAST,c.7C>G,c.(7-9)Cga>Gga,p.R3G,FALSE,Unknown,nan,FALSE,0,FALSE,0,3.32E-05,,,,201:01:00,,,48:00:00,ACH-000930
443397,FH,2271,37,1,241675423,241675423,+,Silent,SNP,A,G,rs376056309,,g.chr1:241675423A>G,ENST00000366560.3,HCC1833_LUNG,c.399T>C,c.(397-399)aaT>aaC,p.N133N,FALSE,Silent,Silent,FALSE,0,FALSE,0,1.65E-05,,,,,124:119,,10:10,ACH-000712
447534,FH,2271,37,1,241669430,241669430,+,Missense_Mutation,SNP,C,T,,,g.chr1:241669430C>T,ENST00000366560.3,HEC1A_ENDOMETRIUM,c.777G>A,c.(775-777)atG>atA,p.M259I,FALSE,Pred_silent,p_Silent,FALSE,0,FALSE,0,,,,,,,,06:29,ACH-000954
461335,FH,2271,37,1,241680616,241680616,+,Splice_Site,SNP,C,T,,,g.chr1:241680616C>T,ENST00000366560.3,IGROV1_OVARY,c.133G>A,c.(133-135)Gca>Aca,p.A45T,TRUE,Del,Del,FALSE,0,FALSE,0,,,,,,0.71875,,04:26,ACH-000966
476527,FH,2271,37,1,241669354,241669354,+,Missense_Mutation,SNP,T,C,rs200791185,,g.chr1:241669354T>C,ENST00000366560.3,KYSE520_OESOPHAGUS,c.853A>G,c.(853-855)Act>Gct,p.T285A,FALSE,Pred_Destabilizing,p_Del,FALSE,0,FALSE,0,,,39:76,41:74,160:250,158:317,,16:22,ACH-000637
477104,FH,2271,37,1,241672067,241672067,+,Missense_Mutation,SNP,G,A,,,g.chr1:241672067G>A,ENST00000366560.3,KYSE70_OESOPHAGUS,c.574C>T,c.(574-576)Ccc>Tcc,p.P192S,FALSE,Pred_silent,p_Silent,FALSE,0,FALSE,1,,,14:45,14:45,232:640,27:55:00,,13:24,ACH-000784
503276,FH,2271,37,1,241669430,241669430,+,Missense_Mutation,SNP,C,T,,,g.chr1:241669430C>T,ENST00000366560.3,NCIH1355_LUNG,c.777G>A,c.(775-777)atG>atA,p.M259I,FALSE,Pred_silent,p_Silent,FALSE,0,FALSE,0,,,21:56,21:57,175:340,126:247,,14:19,ACH-000666
549747,FH,2271,37,1,241661270,241661270,+,Splice_Site,SNP,C,A,,,g.chr1:241661270C>A,ENST00000366560.3,A549_LUNG,c.1391G>T,c.(1390-1392)gGg>gTg,p.G464V,TRUE,Del,Del,FALSE,0,FALSE,0,,,79:53:00,79:50:00,444:285,106:37:00,,,ACH-000681
606636,FH,2271,37,1,241672000,241672000,+,Missense_Mutation,SNP,A,G,,,g.chr1:241672000A>G,ENST00000366560.3,EN_ENDOMETRIUM,c.641T>C,c.(640-642)tTa>tCa,p.L214S,FALSE,Pred_Destabilizing,p_Del,FALSE,0,FALSE,0,,,0.710416667,16:59,221:498,199:341,,,ACH-000978
670739,FH,2271,37,1,241680592,241680592,+,Missense_Mutation,SNP,C,T,,,g.chr1:241680592C>T,ENST00000366560.3,K2_SKIN,c.157G>A,c.(157-159)Gaa>Aaa,p.E53K,FALSE,Unknown,nan,FALSE,0,FALSE,0,,,30:32:00,31:32:00,,,,,ACH-002147
692145,FH,2271,37,1,241667510,241667510,+,Missense_Mutation,SNP,C,T,,,g.chr1:241667510C>T,ENST00000366560.3,KYSE410_OESOPHAGUS,c.940G>A,c.(940-942)Gct>Act,p.A314T,FALSE,Hinge,p_Del,FALSE,0,FALSE,0,,,07:52,10:51,,,,,ACH-000809
758124,FH,2271,37,1,241675392,241675392,+,Missense_Mutation,SNP,C,T,,,g.chr1:241675392C>T,ENST00000366560.3,NCIH1648_LUNG,c.430G>A,c.(430-432)Gga>Aga,p.G144R,FALSE,Bindingsite,p_Del,FALSE,0,FALSE,0,,,42:106,39:103,292:577,93:186,,,ACH-000766
766130,FH,2271,37,1,241663756,241663756,+,Silent,SNP,T,A,rs199747704,,g.chr1:241663756T>A,ENST00000366560.3,NCIH2087_LUNG,c.1371A>T,c.(1369-1371)acA>acT,p.T457T,FALSE,Silent,Silent,FALSE,0,FALSE,0,,,196:88,198:88,504:232,114:46:00,,,ACH-000841
802088,FH,2271,37,1,241672031,241672031,+,Missense_Mutation,SNP,G,A,,,g.chr1:241672031G>A,ENST00000366560.3,OVKATE_OVARY,c.610C>T,c.(610-612)Cat>Tat,p.H204Y,FALSE,Pred_Silent,p_Silent,FALSE,0,FALSE,0,,,32:131,31:130,108:492,82:363,,,ACH-000443
841077,FH,2271,37,1,241663767,241663767,+,Missense_Mutation,SNP,T,C,,,g.chr1:241663767T>C,ENST00000366560.3,SNU1040_LARGE_INTESTINE,c.1360A>G,c.(1360-1362)Atg>Gtg,"p.M454V,p.A273T",FALSE,Pred_Silent,p_Silent,FALSE,0,FALSE,0,,,32:148,36:151,,,,,ACH-000999
862199,FH,2271,37,1,241667518,241667518,+,Missense_Mutation,SNP,T,G,,,g.chr1:241667518T>G,ENST00000366560.3,SNU81_LARGE_INTESTINE,c.932A>C,c.(931-933)aAa>aCa,p.K311T,FALSE,Pred_Silent,p_Silent,FALSE,0,FALSE,0,,,46:48:00,45:46:00,142:69,60:56:00,,,ACH-000991
895757,FH,2271,37,1,241669354,241669354,+,Missense_Mutation,SNP,T,C,rs200791185,,g.chr1:241669354T>C,ENST00000366560.3,TE8_OESOPHAGUS,c.853A>G,c.(853-855)Act>Gct,p.T285A,FALSE,Pred_Destabilizing,p_Del,FALSE,0,FALSE,0,,,62:58:00,58:52:00,251:175,57:57:00,,,ACH-000452
971973,FH,2271,37,1,241661270,241661270,+,Splice_Site,SNP,C,A,,,g.chr1:241661270C>A,ENST00000366560.3,JHU028_LUNG,c.1391G>T,c.(1390-1392)gGg>gTg,p.G464V,TRUE,Del,Del,FALSE,0,FALSE,0,,,,98:64,,,,,ACH-002337
1029023,FH,2271,37,1,241676928,241676928,+,Missense_Mutation,SNP,T,C,,,g.chr1:241676928T>C,ENST00000366560.3,BICR18_UPPER_AERODIGESTIVE_TRACT,c.353A>G,c.(352-354)aAt>aGt,p.N118S,FALSE,Pred_Silent,p_Silent,FALSE,0,FALSE,0,,,,,57:420,,,,ACH-000992
1075457,FH,2271,37,1,241682912,241682912,+,Nonsense_Mutation,SNP,C,T,,,g.chr1:241682912C>T,ENST00000366560.3,CW2_LARGE_INTESTINE,c.111G>A,c.(109-111)tgG>tgA,p.W37*,TRUE,Del,Del,FALSE,0,FALSE,0,,,,,117:260,,,,ACH-000998
1096349,FH,2271,37,1,241669354,241669354,+,Missense_Mutation,SNP,T,C,rs200791185,,g.chr1:241669354T>C,ENST00000366560.3,KMS18_HAEMATOPOIETIC_AND_LYMPHOID_TISSUE,c.853A>G,c.(853-855)Act>Gct,p.T285A,FALSE,Pred_Destabilizing,p_Del,FALSE,0,FALSE,0,,,,,230:466,,,,ACH-000658
1111032,FH,2271,37,1,241682977,241682977,+,Missense_Mutation,SNP,G,A,,,g.chr1:241682977G>A,ENST00000366560.3,PATU8902_PANCREAS,c.46C>T,c.(46-48)Cgg>Tgg,p.R16W,FALSE,Unknown,nan,FALSE,0,FALSE,0,,,,,200:380,,,,ACH-000599
1179246,FH,2271,37,1,241665870,241667340,+,Splice_Site,DEL,CCTTCAAGAAAACCACCAATGACAGAGTAAAGACTAAATTTATGCAAATAATCAGGAGAATAAAGAAATCTAATTTCACTAAATAGAGTAAGATATACAATAAAGCAAGGCCCAACCATCAGTGTAATTTAATGAAACAAACCAACCAAGGAAGGTGGGATGGGTAGCCACAAAATGAATCATTCAAAGGCTAACGAGTAGCCACAACTACACATTAAATATAGTTCTCCACCTTCATGATTTTCATTCATTCTATACATATTTATGGAGCCAGGCACTCAATATACAACACTGAATAAGAAAGATGCAGGCCCTGCCCTCGCAGAACTTGGAGGCTAGGGAGAAAGAGCTGGCAATTATAAGGGGTAAATACAGAGTAGTGTATGCTGCTATCAGAACACTTATAAAAGCGACCCTTCACTAACACATGGGAGGCTTCCTAGGGGAAGGTGATGCTAAGCTAAAATTTTCCTATTTATCACGAGTCTCTGGAACCCCACTACCCTGCTCACACTCCTTGGACAAGCTCCAAGTTTGAATCAAACAACCCAGATTCCTCTGACCAGTACAAGTTAACACACTGGAAAGATTATTGGGTGGATTATTGCCTTTATCTGTGACTCCCCCAGTTCTCTTTCTTTTGGCAATCACCCTGGATTTGCAATCAACTAAACCTTTATGTCATTCTTCAACATGAAGTACTTTAAAACAAAATTTCATCTCTTCTTATTCTACAGATCCATAATTTCCATAAAAATCTAGAGTCAGGCCTTTCTCACTATTAAAAGTTACATTGTCAGTTTTAGCCCAAGCTACAGTGGCCTTTATGGATCTCAGTTCTGTCATCCATAGTATTGCTATCCCAACTTTGTTAACTGTTAATATGATTAGCATGTATTCTCTTCCTTCACCCTCAGTCACCAGTAAAGTGTTGAAGGGCAGAGCCCTTCAGCTTGTTACCAATATATTCTTCTAGACTGAAGTCACTTCATTAGTCACTTCTGAAATGTCACTGTTCACCCAGCTACATTCATCTGCCAGCACTGCCCACGCTTCTCCACTGGAATCAATGACTATCATGCGAATCTATCAAATGACTTGCTGAAATCCAGACATACACTGTTGTGTCACTTGCTATATCTAACAGGCATATAACGGAATGCAAAAAATGAAATAAGTGAAGTTTGGTATGACTTCTTTTTATTCAACCCGCGCTGATCACTTTAACAGCCTGCTCTACATTTTCTAATGTGGGATTCGAAATACTTGCTGCTAAGTCAGATTCTTTCTTCCTATCTTGTCAGGTGACGTGCCCAGCAGTCCTGACCAGAGGACCACAGACATGCTGGAACAGTGCGCCTTGCGCATCCAGCTGCGGGATAACTTTAAACAAAGAGAGACATGGTCCATAGCTAAGAATGCCTAGGACCTAGTCAAGTTTTAGCTCCAACATTTACTAGCTATGTGATTA,-,rs561247444|rs139174536|rs547681133|rs539449056|rs539866593|rs147583475|rs145989445|rs555516272|rs185473867|rs550431781|rs531580745|rs371303794|rs368369658|rs564219811|rs541919543|rs562442631|rs540360938|rs377194558|rs565940535|rs372968721|rs114855228|rs201513242|rs531975879|rs555908729|rs545888118|rs575285868|rs576187151|rs572274137|rs4659606|rs576072868|rs200118475|rs142582166|rs146223034|rs4660099|rs115081857|rs372803043|rs539402888|rs533403622|rs35459191|rs576821771|rs35911339|rs148693005|rs200550559|rs10802968|rs569840606|rs115540206|rs190353292|rs527605925|rs373903301|rs115333876|rs201600104|rs199913699|rs547673884|rs530872037|rs2994990|rs572386881|rs551086699|rs575089917|rs368482304|rs4659607|rs142194293|rs151219695,byFrequency,g.chr1:241665870_241667340delCCTTCAAGAAAACCACCAATGACAGAGTAAAGACTAAATTTATGCAAATAATCAGGAGAATAAAGAAATCTAATTTCACTAAATAGAGTAAGATATACAATAAAGCAAGGCCCAACCATCAGTGTAATTTAATGAAACAAACCAACCAAGGAAGGTGGGATGGGTAGCCACAAAATGAATCATTCAAAGGCTAACGAGTAGCCACAACTACACATTAAATATAGTTCTCCACCTTCATGATTTTCATTCATTCTATACATATTTATGGAGCCAGGCACTCAATATACAACACTGAATAAGAAAGATGCAGGCCCTGCCCTCGCAGAACTTGGAGGCTAGGGAGAAAGAGCTGGCAATTATAAGGGGTAAATACAGAGTAGTGTATGCTGCTATCAGAACACTTATAAAAGCGACCCTTCACTAACACATGGGAGGCTTCCTAGGGGAAGGTGATGCTAAGCTAAAATTTTCCTATTTATCACGAGTCTCTGGAACCCCACTACCCTGCTCACACTCCTTGGACAAGCTCCAAGTTTGAATCAAACAACCCAGATTCCTCTGACCAGTACAAGTTAACACACTGGAAAGATTATTGGGTGGATTATTGCCTTTATCTGTGACTCCCCCAGTTCTCTTTCTTTTGGCAATCACCCTGGATTTGCAATCAACTAAACCTTTATGTCATTCTTCAACATGAAGTACTTTAAAACAAAATTTCATCTCTTCTTATTCTACAGATCCATAATTTCCATAAAAATCTAGAGTCAGGCCTTTCTCACTATTAAAAGTTACATTGTCAGTTTTAGCCCAAGCTACAGTGGCCTTTATGGATCTCAGTTCTGTCATCCATAGTATTGCTATCCCAACTTTGTTAACTGTTAATATGATTAGCATGTATTCTCTTCCTTCACCCTCAGTCACCAGTAAAGTGTTGAAGGGCAGAGCCCTTCAGCTTGTTACCAATATATTCTTCTAGACTGAAGTCACTTCATTAGTCACTTCTGAAATGTCACTGTTCACCCAGCTACATTCATCTGCCAGCACTGCCCACGCTTCTCCACTGGAATCAATGACTATCATGCGAATCTATCAAATGACTTGCTGAAATCCAGACATACACTGTTGTGTCACTTGCTATATCTAACAGGCATATAACGGAATGCAAAAAATGAAATAAGTGAAGTTTGGTATGACTTCTTTTTATTCAACCCGCGCTGATCACTTTAACAGCCTGCTCTACATTTTCTAATGTGGGATTCGAAATACTTGCTGCTAAGTCAGATTCTTTCTTCCTATCTTGTCAGGTGACGTGCCCAGCAGTCCTGACCAGAGGACCACAGACATGCTGGAACAGTGCGCCTTGCGCATCCAGCTGCGGGATAACTTTAAACAAAGAGAGACATGGTCCATAGCTAAGAATGCCTAGGACCTAGTCAAGTTTTAGCTCCAACATTTACTAGCTATGTGATTA,ENST00000366560.3,KYSE30_OESOPHAGUS,c.1109delTAATCACATAGCTAGTAAATGTTGGAGCTAAAACTTGACTAGGTCCTAGGCATTCTTAGCTATGGACCATGTCTCTCTTTGTTTAAAGTTATCCCGCAGCTGGATGCGCAAGGCGCACTGTTCCAGCATGTCTGTGGTCCTCTGGTCAGGACTGCTGGGCACGTCACCTGACAAGATAGGAAGAAAGAATCTGACTTAGCAGCAAGTATTTCGAATCCCACATTAGAAAATGTAGAGCAGGCTGTTAAAGTGATCAGCGCGGGTTGAATAAAAAGAAGTCATACCAAACTTCACTTATTTCATTTTTTGCATTCCGTTATATGCCTGTTAGATATAGCAAGTGACACAACAGTGTATGTCTGGATTTCAGCAAGTCATTTGATAGATTCGCATGATAGTCATTGATTCCAGTGGAGAAGCGTGGGCAGTGCTGGCAGATGAATGTAGCTGGGTGAACAGTGACATTTCAGAAGTGACTAATGAAGTGACTTCAGTCTAGAAGAATATATTGGTAACAAGCTGAAGGGCTCTGCCCTTCAACACTTTACTGGTGACTGAGGGTGAAGGAAGAGAATACATGCTAATCATATTAACAGTTAACAAAGTTGGGATAGCAATACTATGGATGACAGAACTGAGATCCATAAAGGCCACTGTAGCTTGGGCTAAAACTGACAATGTAACTTTTAATAGTGAGAAAGGCCTGACTCTAGATTTTTATGGAAATTATGGATCTGTAGAATAAGAAGAGATGAAATTTTGTTTTAAAGTACTTCATGTTGAAGAATGACATAAAGGTTTAGTTGATTGCAAATCCAGGGTGATTGCCAAAAGAAAGAGAACTGGGGGAGTCACAGATAAAGGCAATAATCCACCCAATAATCTTTCCAGTGTGTTAACTTGTACTGGTCAGAGGAATCTGGGTTGTTTGATTCAAACTTGGAGCTTGTCCAAGGAGTGTGAGCAGGGTAGTGGGGTTCCAGAGACTCGTGATAAATAGGAAAATTTTAGCTTAGCATCACCTTCCCCTAGGAAGCCTCCCATGTGTTAGTGAAGGGTCGCTTTTATAAGTGTTCTGATAGCAGCATACACTACTCTGTATTTACCCCTTATAATTGCCAGCTCTTTCTCCCTAGCCTCCAAGTTCTGCGAGGGCAGGGCCTGCATCTTTCTTATTCAGTGTTGTATATTGAGTGCCTGGCTCCATAAATATGTATAGAATGAATGAAAATCATGAAGGTGGAGAACTATATTTAATGTGTAGTTGTGGCTACTCGTTAGCCTTTGAATGATTCATTTTGTGGCTACCCATCCCACCTTCCTTGGTTGGTTTGTTTCATTAAATTACACTGATGGTTGGGCCTTGCTTTATTGTATATCTTACTCTATTTAGTGAAATTAGATTTCTTTATTCTCCTGATTATTTGCATAAATTTAGTCTTTACTCTGTCATTGGTGGTTTTCTTGAAGG,c.(1108-1110)gta>ga,p.V370fs,TRUE,Del,Del,FALSE,0,FALSE,0,,,09:00,09:00,,,,,ACH-000777
